Application Location|Application Name|Application Size (Bytes)|Description|Developer Name|Downloads|Minimum SDK/OS Version|Price|Ratings - Average|Ratings - Total|Release Date|Supported Devices|Version|Version Release Date|Version Release Notes
Apple App Store|PNC Mobile Banking|33054720|Now get 24/7 access to PNC Bank account information and services from your iPhone or iPod touch. PNC Mobile Banking is a free service offered to all PNC Online Banking customers. FEATURES CHECK BALANCES - See current account balances for your checking, savings, and credit card accounts. MOBILE DEPOSIT- Use your camera equipped iOS device to deposit checks. VIEW TRANSACTIONS - View recent transaction history in your checking or savings accounts and search for specific transactions by date, amount, or check number. PAY BILLS - Make one-time bill payments to billers you have entered in PNC Online Banking. TRANSFER FUNDS - Transfer funds between your eligible PNC banking accounts. LOCATE PNC - Locate the nearest PNC Bank Branch or ATM using built-in Location Services or search by zip code and street address. SECURITY - With PNC's Security Assurance, you can be confident that your personal and financial information will be protected while using PNC Mobile Banking. * Note to iPod touch Customers During enrollment, provide a personal telephone number when asked to enter a mobile phone number. For installation support, call: 1-800-762-2035 For general support, call: 1-800-PNC-BANK (762-2265) PNC does not charge a fee for mobile banking. However, third party message and data rates may apply. A supported mobile device is needed to use the Mobile Banking App. Use of the Mobile Deposit feature requires a supported camera-equipped device. An eligible PNC Bank account and PNC Bank Online Banking are required. Certain other restrictions apply. See the PNC Online Banking Service Agreement.|PNC Bank, N.A.|N/A|8.0|0|3.5|17048|2009-01-30T00:00:00+00:00|[u'iPad2Wifi-iPad2Wifi', u'iPad23G-iPad23G', u'iPhone4S-iPhone4S', u'iPadThirdGen-iPadThirdGen', u'iPadThirdGen4G-iPadThirdGen4G', u'iPhone5-iPhone5', u'iPodTouchFifthGen-iPodTouchFifthGen', u'iPadFourthGen-iPadFourthGen', u'iPadFourthGen4G-iPadFourthGen4G', u'iPadMini-iPadMini', u'iPadMini4G-iPadMini4G', u'iPhone5c-iPhone5c', u'iPhone5s-iPhone5s', u'iPadAir-iPadAir', u'iPadAirCellular-iPadAirCellular', u'iPadMiniRetina-iPadMiniRetina', u'iPadMiniRetinaCellular-iPadMiniRetinaCellular', u'iPhone6-iPhone6', u'iPhone6Plus-iPhone6Plus', u'iPadAir2-iPadAir2', u'iPadAir2Cellular-iPadAir2Cellular', u'iPadMini3-iPadMini3', u'iPadMini3Cellular-iPadMini3Cellular', u'iPodTouchSixthGen-iPodTouchSixthGen', u'iPhone6s-iPhone6s', u'iPhone6sPlus-iPhone6sPlus', u'iPadMini4-iPadMini4', u'iPadMini4Cellular-iPadMini4Cellular', u'iPadPro-iPadPro', u'iPadProCellular-iPadProCellular', u'iPadPro97-iPadPro97', u'iPadPro97Cellular-iPadPro97Cellular', u'iPhoneSE-iPhoneSE', u'iPhone7-iPhone7', u'iPhone7Plus-iPhone7Plus']|3.4|2016-07-19T13:32:52+00:00|- Check Deposit Now Includes Automatic Image Capture Now its even easier to deposit checks using the PNC Mobile Banking app. When using Mobile Deposit, position your check within the on-screen guides and allow the app to capture the check image automatically. - Minor Fixes and Improvements
Apple App Store|Virtual Wallet|68096000|BANK ON-THE-GO Where's your mobile phone? Got it? Good. With Virtual Wallet, that's how far your bank is. PNC Mobile Banking lets you bank from your iPhone, iPod touch, or iPad, no matter where you are or what time it is. With the mobile deposit feature, you can even deposit money on the go. Check out some of the other Virtual Wallet app features below! APP FEATURES: Quick View Get an at-a-glance view of your Money Bar, Account Balances, the upcoming week, and last five transactions. You can now see available account balances from your Quick View without logging in by tapping and holding the new View button on the Sign In screen. Calendar - View your scheduled payments and transfers, transaction history, paydays, reserve items, checks you wrote, and Danger Days. Activity View recent transaction history for your Spend, Reserve, and Growth accounts as well as your linked Virtual Wallet credit card. Deposit Check Use your camera equipped iOS device to deposit checks using automatic image capture. Now it's even easier to deposit checks using the PNC Virtual Wallet app. When using Mobile Deposit, position your check within the on-screen guides and allow the app to capture the check image automatically. Send Money Send money to friends and family eliminating the need cash, checks or I.O.U.s! With Popmoney you can send money to your contacts by text or email. Transfer - Slide the Money Bar to transfer funds between your spend and reserve accounts or use the Transfer feature to move money between all of your accounts. Pay Bill Add billers and make bill payments straight form your phone. Add Check Checks you wrote can be entered in and calculated into your scheduled out balance. Rewards Center Activate PNCs Cash Back rewards and offers for your Debit and Credit Card. Punch The Pig - Shake or tap the pig to instantly transfer money from your spend to your growth account. Wish List Review items added to your Wish List to be reminded of your savings goals. Reserve Items - Review items and use the Buy Now option to move money from your reserve to your spend account. Locate Find the nearest PNC Bank Branch or ATM by using your current location or search by zip code or address. Security - With PNCs Security Assurance, you can be confident that your personal and financial information will be protected while using the Virtual Wallet App. Regular PNC Online Banking customers without a Virtual Wallet account should use PNC Mobile Banking, also available in the App Store. To access non-Virtual Wallet accounts, customers will need the PNC Mobile Banking App. Both Apps may run on the same iPhone or iPod touch. If you don't have an iPhone or web-enabled device, don't worry: Text Message Banking still brings you your vital information. Follow us for the latest Virtual Wallet updates: Facebook /PNCBank Twitter @PNCBank YouTube /PNC For general support, call 1-800-PNC-BANK (762-2265) PNC does not charge a fee for mobile banking. However, third party message and data rates may apply. A supported mobile device is needed to use the Mobile Banking App. Use of the Mobile Deposit feature requires a supported camera-equipped device. An eligible PNC Bank account and PNC Bank Online Banking are required. Certain other restrictions apply. See the PNC Online Banking Service Agreement.|PNC Bank, N.A.|N/A|8.0|0|2.5|4672|2009-08-04T23:00:00+00:00|[u'iPad2Wifi-iPad2Wifi', u'iPad23G-iPad23G', u'iPhone4S-iPhone4S', u'iPadThirdGen-iPadThirdGen', u'iPadThirdGen4G-iPadThirdGen4G', u'iPhone5-iPhone5', u'iPodTouchFifthGen-iPodTouchFifthGen', u'iPadFourthGen-iPadFourthGen', u'iPadFourthGen4G-iPadFourthGen4G', u'iPadMini-iPadMini', u'iPadMini4G-iPadMini4G', u'iPhone5c-iPhone5c', u'iPhone5s-iPhone5s', u'iPadAir-iPadAir', u'iPadAirCellular-iPadAirCellular', u'iPadMiniRetina-iPadMiniRetina', u'iPadMiniRetinaCellular-iPadMiniRetinaCellular', u'iPhone6-iPhone6', u'iPhone6Plus-iPhone6Plus', u'iPadAir2-iPadAir2', u'iPadAir2Cellular-iPadAir2Cellular', u'iPadMini3-iPadMini3', u'iPadMini3Cellular-iPadMini3Cellular', u'iPodTouchSixthGen-iPodTouchSixthGen', u'iPhone6s-iPhone6s', u'iPhone6sPlus-iPhone6sPlus', u'iPadMini4-iPadMini4', u'iPadMini4Cellular-iPadMini4Cellular', u'iPadPro-iPadPro', u'iPadProCellular-iPadProCellular', u'iPadPro97-iPadPro97', u'iPadPro97Cellular-iPadPro97Cellular', u'iPhoneSE-iPhoneSE', u'iPhone7-iPhone7', u'iPhone7Plus-iPhone7Plus']|5.1.2|2016-10-25T12:57:04+00:00|- Minor Fixes and Improvements
Apple App Store|Virtual Wallet for iPad by PNC|48174080|Now get Virtual Wallet on your iPad. Virtual Wallet by PNC is a free App for all PNC Virtual Wallet customers. Our iPad app is optimized for the iPad experience, with larger graphics and more functionality. FEATURES QUICK VIEW At-a-glance view of Money Bar, the upcoming week, what you spent last week and your last five transactions CALENDAR - View your scheduled payments and transfers, transaction history, paydays, reserve items, and Danger Days in Month and Day view. ACCOUNT DETAIL View scheduled payments, reserve and wish list items. Slide the Money Bar to transfer funds between your Spend and Reserve accounts. Use Transfer Funds to move funds between the Spend, Reserve, and Growth accounts. ACCOUNT ACTIVITY - View transaction history in your Spend, Reserve and Growth accounts as well as a linked Credit Card. MOBILE DEPOSIT- Use your camera equipped iPad to deposit checks. PAY BILLS - Make one-time and recurring bill payments to billers you have already set up online using Virtual Wallet. SOCIAL INTEGRATION View the latest Facebook posts, Tweets and YouTube videos from the Virtual Wallet team LOCATE PNC - Locate the nearest PNC Bank Branch or ATM using built-in Location Services or search by zip code and street address. SECURITY - With PNCs Security Assurance, you can be confident that your personal and financial information will be protected while using the Virtual Wallet App. Regular PNC Online Banking customers without a Virtual Wallet account should use PNC Mobile Banking, also available in the App Store. To access non-Virtual Wallet accounts, customers will need the PNC Mobile Banking App. Both Apps may run on the same iPad. Follow us on Twitter @PNCVWallet for the latest Virtual Wallet updates. Tweet us @PNCVirtualWallet_Help for help with your Virtual Wallet service needs. For mobile banking support, call 1-800-762-2035 For general support, call 1-800-PNC-BANK (762-2265) PNC does not charge a fee for mobile banking. However, third party message and data rates may apply. A supported mobile device is needed to use the Mobile Banking App. Use of the Mobile Deposit feature requires a supported camera-equipped device. An eligible PNC Bank account and PNC Bank Online Banking are required. Certain other restrictions apply. See the PNC Online Banking Service Agreement.|PNC Bank, N.A.|N/A|8.0|0|2|756|2012-07-19T23:00:00+00:00|[u'iPad2Wifi-iPad2Wifi', u'iPad23G-iPad23G', u'iPadThirdGen-iPadThirdGen', u'iPadThirdGen4G-iPadThirdGen4G', u'iPadFourthGen-iPadFourthGen', u'iPadFourthGen4G-iPadFourthGen4G', u'iPadMini-iPadMini', u'iPadMini4G-iPadMini4G', u'iPadAir-iPadAir', u'iPadAirCellular-iPadAirCellular', u'iPadMiniRetina-iPadMiniRetina', u'iPadMiniRetinaCellular-iPadMiniRetinaCellular', u'iPadAir2-iPadAir2', u'iPadAir2Cellular-iPadAir2Cellular', u'iPadMini3-iPadMini3', u'iPadMini3Cellular-iPadMini3Cellular', u'iPadMini4-iPadMini4', u'iPadMini4Cellular-iPadMini4Cellular', u'iPadPro-iPadPro', u'iPadProCellular-iPadProCellular', u'iPadPro97-iPadPro97', u'iPadPro97Cellular-iPadPro97Cellular']|1.6.2|2015-10-29T14:09:02+00:00|- Minor Fixes and Improvements
Apple App Store|PNC Mobile for iPad|26841088|Now get 24/7 access to PNC Bank account information and services right from your iPad. PNC Mobile Banking is a free service offered to all PNC Online Banking customers. FEATURES CHECK BALANCES - See current account balances for your checking, savings, and credit card accounts. VIEW TRANSACTIONS - View recent transaction history in your checking or savings accounts and search for specific transactions by date, amount, or check number. PAY BILLS - Make one-time bill payments to billers you have entered in PNC Online Banking. MOBILE DEPOSIT- Use your camera equipped iPad to deposit checks. TRANSFER FUNDS - Transfer funds between your eligible PNC banking accounts. LOCATE PNC - Locate the nearest PNC Bank Branch or ATM using built-in Location Services or search by zip code and street address. SECURITY - With PNC's Security Assurance, you can be confident that your personal and financial information will be protected while using PNC Mobile Banking. For installation support, call: 1-800-762-2035 For general support, call: 1-800-PNC-BANK (762-2265) PNC does not charge a fee for mobile banking. However, third party message and data rates may apply. A supported mobile device is needed to use the Mobile Banking App. Use of the Mobile Deposit feature requires a supported camera-equipped device. An eligible PNC Bank account and PNC Bank Online Banking are required. Certain other restrictions apply. See the PNC Online Banking Service Agreement.|PNC Bank, N.A.|N/A|7.0|0|2|333|2012-10-25T23:00:00+00:00|[u'iPad2Wifi-iPad2Wifi', u'iPad23G-iPad23G', u'iPadThirdGen-iPadThirdGen', u'iPadThirdGen4G-iPadThirdGen4G', u'iPadFourthGen-iPadFourthGen', u'iPadFourthGen4G-iPadFourthGen4G', u'iPadMini-iPadMini', u'iPadMini4G-iPadMini4G', u'iPadAir-iPadAir', u'iPadAirCellular-iPadAirCellular', u'iPadMiniRetina-iPadMiniRetina', u'iPadMiniRetinaCellular-iPadMiniRetinaCellular', u'iPadAir2-iPadAir2', u'iPadAir2Cellular-iPadAir2Cellular', u'iPadMini3-iPadMini3', u'iPadMini3Cellular-iPadMini3Cellular', u'iPadMini4-iPadMini4', u'iPadMini4Cellular-iPadMini4Cellular', u'iPadPro-iPadPro', u'iPadProCellular-iPadProCellular', u'iPadPro97-iPadPro97', u'iPadPro97Cellular-iPadPro97Cellular']|2.2|2016-05-03T13:42:35+00:00|- Minor Fixes and Improvements
Apple App Store|PNC Finder|1006592|"Have you ever been standing in the middle of the city or a strange neighborhood and wondered where your closest PNC Bank ATM or branch is? Well not anymore! PNC Finder is the Free ""Augmented Reality"" app that lets you locate the nearest PNC location and see the best route to get there. Simply point your phone in any direction and the PNC Finder will tell you if there are any PNC locations ahead. Or, by holding the phone horizontally, you can see the concentration of PNC ATMs and/or branches around you. Interested in seeing details about a location? Touch one of the location icons to pull up its hours of operation, and then flip to map mode to decide how you want to get there. FEATURES: - Locate PNC Bank ATMs/branches near you - See location direction and distance in a heads-up display using your phone's camera - Get location details, such as hours of operation - Find out how many ATMs/branches are nearby - View locations on a map to see the best route The PNC Finder app contains ATM/branch locations in the following states: Alabama, Delaware, District of Columbia, Florida, Georgia, Illinois, Indiana, Kentucky, Maryland, Michigan, Missouri, New Jersey, New York, North Carolina, Ohio, Pennsylvania, South Carolina, Virginia, West Virginia, and Wisconsin NOTE: This app uses the location services provided by the device to determine your location. PNC does not capture or store any location data. Location information is used only to provide the app with ""nearby"" PNC branches and/or ATMs. PNC does not charge a fee for mobile banking. However, third party message and data rates may apply."|PNC Bank, N.A.|N/A|7.0|0|2.5|58|2011-10-25T23:00:00+00:00|[u'iPhone4-iPhone4', u'iPad2Wifi-iPad2Wifi', u'iPad23G-iPad23G', u'iPhone4S-iPhone4S', u'iPadThirdGen-iPadThirdGen', u'iPadThirdGen4G-iPadThirdGen4G', u'iPhone5-iPhone5', u'iPodTouchFifthGen-iPodTouchFifthGen', u'iPadFourthGen-iPadFourthGen', u'iPadFourthGen4G-iPadFourthGen4G', u'iPadMini-iPadMini', u'iPadMini4G-iPadMini4G', u'iPhone5c-iPhone5c', u'iPhone5s-iPhone5s', u'iPadAir-iPadAir', u'iPadAirCellular-iPadAirCellular', u'iPadMiniRetina-iPadMiniRetina', u'iPadMiniRetinaCellular-iPadMiniRetinaCellular', u'iPhone6-iPhone6', u'iPhone6Plus-iPhone6Plus', u'iPadAir2-iPadAir2', u'iPadAir2Cellular-iPadAir2Cellular', u'iPadMini3-iPadMini3', u'iPadMini3Cellular-iPadMini3Cellular', u'iPodTouchSixthGen-iPodTouchSixthGen', u'iPhone6s-iPhone6s', u'iPhone6sPlus-iPhone6sPlus', u'iPadMini4-iPadMini4', u'iPadMini4Cellular-iPadMini4Cellular', u'iPadPro-iPadPro', u'iPadProCellular-iPadProCellular', u'iPadPro97-iPadPro97', u'iPadPro97Cellular-iPadPro97Cellular', u'iPhoneSE-iPhoneSE', u'iPhone7-iPhone7', u'iPhone7Plus-iPhone7Plus']|1.1.0|2016-04-07T12:53:26+00:00|- Minor Fixes and Improvements
Apple App Store|PNC SmartAccess Card|41544704|**PLEASE NOTE, IF YOU ARE INSTALLING VER 1.0 OF THE NEW SmartAccess APP FOR THE FIRST TIME YOU WILL NEED TO CREATE A NEW USER ID AND PASSWORD.** With the PNC SmartAccessPrepaid Visa Card mobile app from PNC Bank, you can now access your prepaid card information from your mobile device! This application is free to download and makes it easy for you to bank on the go! Once youve created a secure passcode for logging on, youll have access to: *View balance *View transaction history *Suspend or reactivate cards *Manage alerts *Request balance information via text message Your security is our priority. Mobile data transmissions and card information are protected by 128-bit encryption, just like they are when you bank online. Experience the freedom of mobile banking in the palm of your hands! IMPORTANT: During the enrollment process, please do not close out of this application while awaiting the activation code. It will appear as an SMS/text message within 2 minutes and then must be entered into the application to complete your enrollment. PNC SmartAccess is a registered trademark of The PNC Financial Services Group, Inc. VISA is a registered trademark of Visa International Service Association and used under license. 2016 The PNC Financial Services Group, Inc. All rights reserved. PNC Bank, National Association. Member FDIC|PNC Bank, N.A.|N/A|8.0|0|2|41|2016-06-12T23:00:00+00:00|[u'iPad2Wifi-iPad2Wifi', u'iPad23G-iPad23G', u'iPhone4S-iPhone4S', u'iPadThirdGen-iPadThirdGen', u'iPadThirdGen4G-iPadThirdGen4G', u'iPhone5-iPhone5', u'iPodTouchFifthGen-iPodTouchFifthGen', u'iPadFourthGen-iPadFourthGen', u'iPadFourthGen4G-iPadFourthGen4G', u'iPadMini-iPadMini', u'iPadMini4G-iPadMini4G', u'iPhone5c-iPhone5c', u'iPhone5s-iPhone5s', u'iPadAir-iPadAir', u'iPadAirCellular-iPadAirCellular', u'iPadMiniRetina-iPadMiniRetina', u'iPadMiniRetinaCellular-iPadMiniRetinaCellular', u'iPhone6-iPhone6', u'iPhone6Plus-iPhone6Plus', u'iPadAir2-iPadAir2', u'iPadAir2Cellular-iPadAir2Cellular', u'iPadMini3-iPadMini3', u'iPadMini3Cellular-iPadMini3Cellular', u'iPodTouchSixthGen-iPodTouchSixthGen', u'iPhone6s-iPhone6s', u'iPhone6sPlus-iPhone6sPlus', u'iPadMini4-iPadMini4', u'iPadMini4Cellular-iPadMini4Cellular', u'iPadPro-iPadPro', u'iPadProCellular-iPadProCellular', u'iPadPro97-iPadPro97', u'iPadPro97Cellular-iPadPro97Cellular', u'iPhoneSE-iPhoneSE', u'iPhone7-iPhone7', u'iPhone7Plus-iPhone7Plus']|1.0|2016-06-13T13:30:08+00:00|
Apple App Store|PNC Retirement Directions|790528|With the PNC Retirement Directions App, you get on-the-go access, so you can track your retirement plan account investing progress no matter where you are: Check your retirement plan account balance View personal performance See how much youre contributing each paycheck Look at your account activity Easy access to Vested Interest Participant Services Representatives contact info for answers to your questions Stay connected to your retirement plan account. Download the PNC Retirement Directions App today. Account data shown in the screen shots is for illustrative purposes only and is not a recommendation to buy or sell securities or engage in investment strategies.|PNC Bank, N.A.|N/A|4.3|0|1|33|2013-06-30T23:00:00+00:00|[u'iPhone3GS-iPhone-3GS', u'iPadWifi-iPadWifi', u'iPad3G-iPad3G', u'iPodTouchThirdGen-iPodTouchThirdGen', u'iPhone4-iPhone4', u'iPodTouchFourthGen-iPodTouchFourthGen', u'iPad2Wifi-iPad2Wifi', u'iPad23G-iPad23G', u'iPhone4S-iPhone4S', u'iPadThirdGen-iPadThirdGen', u'iPadThirdGen4G-iPadThirdGen4G', u'iPhone5-iPhone5', u'iPodTouchFifthGen-iPodTouchFifthGen', u'iPadFourthGen-iPadFourthGen', u'iPadFourthGen4G-iPadFourthGen4G', u'iPadMini-iPadMini', u'iPadMini4G-iPadMini4G', u'iPhone5c-iPhone5c', u'iPhone5s-iPhone5s', u'iPadAir-iPadAir', u'iPadAirCellular-iPadAirCellular', u'iPadMiniRetina-iPadMiniRetina', u'iPadMiniRetinaCellular-iPadMiniRetinaCellular', u'iPhone6-iPhone6', u'iPhone6Plus-iPhone6Plus', u'iPadAir2-iPadAir2', u'iPadAir2Cellular-iPadAir2Cellular', u'iPadMini3-iPadMini3', u'iPadMini3Cellular-iPadMini3Cellular', u'iPodTouchSixthGen-iPodTouchSixthGen', u'iPhone6s-iPhone6s', u'iPhone6sPlus-iPhone6sPlus', u'iPadMini4-iPadMini4', u'iPadMini4Cellular-iPadMini4Cellular', u'iPadPro-iPadPro', u'iPadProCellular-iPadProCellular', u'iPadPro97-iPadPro97', u'iPadPro97Cellular-iPadPro97Cellular', u'iPhoneSE-iPhoneSE', u'iPhone7-iPhone7', u'iPhone7Plus-iPhone7Plus']|1.0|2013-07-01T06:00:00+00:00|
Apple App Store|PNC Wealth Insight For Mobile|33148928|PNC Wealth Insight from PNC Wealth Management was built to let you see where you stand at a glance, or quickly drill down into the details that matter most. All to help you achieve more with your money. By downloading and installing this app you agree to the terms and conditions as outlined in the PNC License Agreement. With the PNC Wealth Insight mobile app you can keep track of your PNC Wealth Management accounts on the go. App Features: - Review your mobile Brief summary - Customize views with the My PNC Folio tool - View asset allocation - Keep track of your income and cash flow - Monitor your portfolio performance - Review recent transactions - Track your net worth - Quickly and easily contact PNC Wealth Insight support|PNC Bank, N.A.|N/A|8.0|0|2|21|2012-10-31T00:00:00+00:00|[u'iPad2Wifi-iPad2Wifi', u'iPad23G-iPad23G', u'iPhone4S-iPhone4S', u'iPadThirdGen-iPadThirdGen', u'iPadThirdGen4G-iPadThirdGen4G', u'iPhone5-iPhone5', u'iPodTouchFifthGen-iPodTouchFifthGen', u'iPadFourthGen-iPadFourthGen', u'iPadFourthGen4G-iPadFourthGen4G', u'iPadMini-iPadMini', u'iPadMini4G-iPadMini4G', u'iPhone5c-iPhone5c', u'iPhone5s-iPhone5s', u'iPadAir-iPadAir', u'iPadAirCellular-iPadAirCellular', u'iPadMiniRetina-iPadMiniRetina', u'iPadMiniRetinaCellular-iPadMiniRetinaCellular', u'iPhone6-iPhone6', u'iPhone6Plus-iPhone6Plus', u'iPadAir2-iPadAir2', u'iPadAir2Cellular-iPadAir2Cellular', u'iPadMini3-iPadMini3', u'iPadMini3Cellular-iPadMini3Cellular', u'iPodTouchSixthGen-iPodTouchSixthGen', u'iPhone6s-iPhone6s', u'iPhone6sPlus-iPhone6sPlus', u'iPadMini4-iPadMini4', u'iPadMini4Cellular-iPadMini4Cellular', u'iPadPro-iPadPro', u'iPadProCellular-iPadProCellular', u'iPadPro97-iPadPro97', u'iPadPro97Cellular-iPadPro97Cellular', u'iPhoneSE-iPhoneSE', u'iPhone7-iPhone7', u'iPhone7Plus-iPhone7Plus']|1.8.2|2015-10-06T12:35:29+00:00|- Minor Improvements
Apple App Store|PINACLE for iPad|81664000|PINACLE for iPad Get 24/7 access to PINACLE, PNC Banks corporate online and mobile banking portal. The PINACLE Mobile App is a service offered exclusively to all PINACLE and PINACLE Express operators. There is no separate fee for the app. FEATURES APPROVE and DECISION ITEMS Approve wire transfers or templates, ACH batches or templates, and operator passwords, and review Positive Pay exceptions and ACH Positive Pay suspects. VIEW BALANCES and TRANSACTION DETAILS View Current Day and Previous Day account balances and transactions, or drill down into individual account details from your dashboard. INITIATE PAYMENTS Initiate real-time account transfers, repetitive wire transfers, ACH batches from templates, and review daily activity for all three payment types in the Manage Payments feature. SEARCH FOR TRANSACTIONS and IMAGES Conduct a search for individual transactions or a range of transactions; view transaction details including images (when available). VIEW REAL-TIME CREDIT INFORMATION and RECENT TRANSACTIONS View details of commitments, loans and letters of credit, including availability, balances, maturity dates/rates, and recent transaction history. MANAGE OPERATOR ACCESS Change and approve operator passwords, unlock operators, clear operator sessions and prompt re-enrollment of security questions. NOTIFICATIONS View Event Notifications, System Alerts and Informational Messages to keep informed of business activities. SECURITY Authentication credentials for the app are the same as what you use for the PINACLE desktop application. Additionally, the PINACLE Mobile App provides enhanced detection and security controls specific to device utilization in a mobile network environment. To get started, download and launch the app. Then log in with your existing PINACLE Company User ID, Operator ID, password and token passcode (if required). Its that simple! Follow us on Twitter @PNC_PINACLE for the latest PINACLE news and updates. For PINACLE questions or support, call Treasury Management Client Care at 1-800-669-1518 or tmcc@pnc.com PNC does not charge a fee for this application. However, third party message and data rates may apply. A supported mobile device is needed to use the PINACLE Mobile App. Certain other restrictions may apply. See the PINACLE Service Agreement. iPad is a trademark of Apple Inc., registered in the U.S. and other countries. PNC and PINACLE are registered marks of The PNC Financial Services Group, Inc. (PNC). Bank deposit, treasury management products and services are provided by PNC Bank, National Association, a wholly-owned subsidiary of PNC and Member FDIC. 2017 The PNC Financial Services Group, Inc. All rights reserved.|PNC Bank, N.A.|N/A|5.1.1|0|4.5|9|2014-02-04T00:00:00+00:00|[u'iPadWifi-iPadWifi', u'iPad3G-iPad3G', u'iPad2Wifi-iPad2Wifi', u'iPad23G-iPad23G', u'iPadThirdGen-iPadThirdGen', u'iPadThirdGen4G-iPadThirdGen4G', u'iPadFourthGen-iPadFourthGen', u'iPadFourthGen4G-iPadFourthGen4G', u'iPadMini-iPadMini', u'iPadMini4G-iPadMini4G', u'iPadAir-iPadAir', u'iPadAirCellular-iPadAirCellular', u'iPadMiniRetina-iPadMiniRetina', u'iPadMiniRetinaCellular-iPadMiniRetinaCellular', u'iPadAir2-iPadAir2', u'iPadAir2Cellular-iPadAir2Cellular', u'iPadMini3-iPadMini3', u'iPadMini3Cellular-iPadMini3Cellular', u'iPadMini4-iPadMini4', u'iPadMini4Cellular-iPadMini4Cellular', u'iPadPro-iPadPro', u'iPadProCellular-iPadProCellular', u'iPadPro97-iPadPro97', u'iPadPro97Cellular-iPadPro97Cellular']|1.10|2017-02-06T15:14:44+00:00|- Minor Fixes and Improvements
Apple App Store|PNC BeneFit Plus|8645632|Save time and gain the insight you need to manage your Health Savings Account (HSA), Flexible Spending Account (FSA), Health Reimbursement Arrangement (HRA) or Qualified Transportation Account (QTA). Our secure app makes managing your tax-advantaged account(s) easy through quick access and intuitive navigation to all your important account information while you are on the go! This app is designed for your Apple device (including iPhone, iPad, and iPod touch ) version 6.0 and higher. Powerful features of the PNC BeneFit Plus app include: Easy, Convenient & Secure - Simply log in to the intuitive app to begin managing your account(s) quickly and easily - No sensitive account information is ever stored on your mobile device; secure encryption is used to protect all transmissions Connects You with the Details - Quickly check available balances 24/7, including investment balances for HSAs - Access account details - View charts summarizing your account(s) - Click to call or email PNC BeneFit Plus Customer Service with questions - View notifications and messages about your account Provides Additional Time-Saving Options - View claims requiring receipts - Submit medical FSA and HRA claims - Take a picture of a receipt and submit for a new or existing claim - View transaction details - Request HSA distributions - Make HSA contributions - Using Expense Tracker, enter medical expense information and supporting documentation to store for later use in paying claims online or for personal recordkeeping - Report your debit card as lost or stolen *This is not the PNC Mobile Banking app, which allows you to access your bank and brokerage accounts. For questions or support, call or email the PNC BeneFit Plus Customer Service Center at 844-356-9993 or pncbenefitplus@healthaccountservices.com No personal or sensitive data is stored on the PNC BeneFit Plus mobile app. PNC will deliver bug fixes and updates to the application from time to time. PNC does not charge a fee for this application. However, third party message and data rates may apply. A supported mobile device is needed to use the PNC BeneFit Plus Mobile App. Shares of mutual funds are not deposits or obligations or guaranteed endorsed by any bank, nor are they federally insured or otherwise supported by the Federal Deposit Insurance Corporate or other government agency. Investments in mutual funds may lose value, including possible loss of principal. Please read the prospectus carefully before you invest. Investments Not FDIC Insured. No Bank or Federal Government Guarantee. May lose value. PNC is a registered mark of The PNC Financial Services Group, Inc. (PNC). iPhone, iPad, and iPod touch are trademarks of Apple Inc., registered in the U.S. and other countries. Banking and lending products and services, bank deposit products, and treasury management services, including, but not limited to, services for clients and/or customers, are provided by PNC Bank, National Association, a wholly-owned subsidiary of PNC and Member FDIC. We are committed to protecting the privacy of your information. Please view our Privacy Policy for Consumers. 2015 The PNC Financial Services Group, Inc. All rights reserved.|PNC Bank, N.A.|N/A|6.0|0|N/A|N/A|2015-11-05T00:00:00+00:00|[u'iPhone3GS-iPhone-3GS', u'iPhone4-iPhone4', u'iPodTouchFourthGen-iPodTouchFourthGen', u'iPad2Wifi-iPad2Wifi', u'iPad23G-iPad23G', u'iPhone4S-iPhone4S', u'iPadThirdGen-iPadThirdGen', u'iPadThirdGen4G-iPadThirdGen4G', u'iPhone5-iPhone5', u'iPodTouchFifthGen-iPodTouchFifthGen', u'iPadFourthGen-iPadFourthGen', u'iPadFourthGen4G-iPadFourthGen4G', u'iPadMini-iPadMini', u'iPadMini4G-iPadMini4G', u'iPhone5c-iPhone5c', u'iPhone5s-iPhone5s', u'iPadAir-iPadAir', u'iPadAirCellular-iPadAirCellular', u'iPadMiniRetina-iPadMiniRetina', u'iPadMiniRetinaCellular-iPadMiniRetinaCellular', u'iPhone6-iPhone6', u'iPhone6Plus-iPhone6Plus', u'iPadAir2-iPadAir2', u'iPadAir2Cellular-iPadAir2Cellular', u'iPadMini3-iPadMini3', u'iPadMini3Cellular-iPadMini3Cellular', u'iPodTouchSixthGen-iPodTouchSixthGen', u'iPhone6s-iPhone6s', u'iPhone6sPlus-iPhone6sPlus', u'iPadMini4-iPadMini4', u'iPadMini4Cellular-iPadMini4Cellular', u'iPadPro-iPadPro', u'iPadProCellular-iPadProCellular', u'iPadPro97-iPadPro97', u'iPadPro97Cellular-iPadPro97Cellular', u'iPhoneSE-iPhoneSE', u'iPhone7-iPhone7', u'iPhone7Plus-iPhone7Plus']|4.5.0|2016-06-01T11:43:03+00:00|- Minor Fixes and Improvements - New 'Forgot Username and Password' functionality
Apple App Store|Deposit On-Site|49038336|DEPOSIT ON-SITE MOBILE for iPhone MOBILE DEPOSIT FOR CORPORATIONS ACCELERATE YOUR BUSINESS With PNC Banks corporate mobile solution, you have deposit-only access to accelerate your cash flow and include important payment details. In conjunction with PNCs Deposit On-Site service, this corporate mobile solution enables your companys mobile users to make check deposits on the go. For Companies interested in using PNCs Deposit On-Site Mobile Deposit Service, contact your Treasury Management Officer or visit pnc.com/treasury. MOBILE USERS: The PNC Deposit On-Site Mobile App provides an efficient way to accelerate the deposit of consumer and business checks. This app is designed for Apple iPhone devices with an operating system of iOS 7 and higher. With a supported iPhone mobile device, you can: Download and launch the PNC Deposit On-Site Mobile App. Authenticate and sign on with the Operator ID and Password supplied by your company. Create a new deposit for one or more checks, take a picture of the check(s), enter the dollar amount, and enter data related to the payments received. Submit your deposit to PNC via your mobile device, several times a day or at the end of your business day. View open and submitted deposit details from your mobile device. For Deposit On-Site Mobile support call 1-800-669-1518 or tmcc@pnc.com. PNC does not charge a fee for this application. However, third party message and data rates may apply. A supported mobile device is needed to use the Deposit On-Site Mobile App. Your employer has previously entered into a Treasury Management Services Comprehensive Agreement with PNC Bank, National Association (PNC Bank) regarding your and your employers use of the Deposit On-Site service (the Comprehensive Agreement). The terms and conditions of the Comprehensive Agreement shall govern your access to and use of the mobile version of the Deposit On-Site Mobile service (the App) via an Apple mobile device. PNC and Deposit On-Site are registered marks of The PNC Financial Services Group, Inc. (PNC). Apple and iPhone are trademarks of Apple Inc., registered in the U.S. and other countries. Bank deposit, treasury management products and services are provided by PNC Bank, National Association, a wholly-owned subsidiary of PNC and Member FDIC. 2015 The PNC Financial Services Group, Inc. All rights reserved.|PNC Bank, N.A.|N/A|6.0|0|N/A|N/A|2016-01-21T00:00:00+00:00|[u'iPhone3GS-iPhone-3GS', u'iPhone4-iPhone4', u'iPodTouchFourthGen-iPodTouchFourthGen', u'iPad2Wifi-iPad2Wifi', u'iPad23G-iPad23G', u'iPhone4S-iPhone4S', u'iPadThirdGen-iPadThirdGen', u'iPadThirdGen4G-iPadThirdGen4G', u'iPhone5-iPhone5', u'iPodTouchFifthGen-iPodTouchFifthGen', u'iPadFourthGen-iPadFourthGen', u'iPadFourthGen4G-iPadFourthGen4G', u'iPadMini-iPadMini', u'iPadMini4G-iPadMini4G', u'iPhone5c-iPhone5c', u'iPhone5s-iPhone5s', u'iPadAir-iPadAir', u'iPadAirCellular-iPadAirCellular', u'iPadMiniRetina-iPadMiniRetina', u'iPadMiniRetinaCellular-iPadMiniRetinaCellular', u'iPhone6-iPhone6', u'iPhone6Plus-iPhone6Plus', u'iPadAir2-iPadAir2', u'iPadAir2Cellular-iPadAir2Cellular', u'iPadMini3-iPadMini3', u'iPadMini3Cellular-iPadMini3Cellular', u'iPodTouchSixthGen-iPodTouchSixthGen', u'iPhone6s-iPhone6s', u'iPhone6sPlus-iPhone6sPlus', u'iPadMini4-iPadMini4', u'iPadMini4Cellular-iPadMini4Cellular', u'iPadPro-iPadPro', u'iPadProCellular-iPadProCellular', u'iPadPro97-iPadPro97', u'iPadPro97Cellular-iPadPro97Cellular', u'iPhoneSE-iPhoneSE', u'iPhone7-iPhone7', u'iPhone7Plus-iPhone7Plus']|1.1.018|2016-01-21T19:29:10+00:00|
Apple App Store|PINACLE for iPhone|93218816|PINACLE for iPhone Get 24/7 access to PINACLE, PNC Banks corporate online and mobile banking portal. The PINACLE Mobile App is a service offered exclusively to all PINACLE and PINACLE Express operators. There is no separate fee for the app. FEATURES APPROVE and DECISION ITEMS Approve wire transfers or templates, ACH batches or templates, and operator passwords, and review Positive Pay exceptions and ACH Positive Pay suspects. VIEW BALANCES and TRANSACTION DETAILS View Current Day and Previous Day account balances and transactions, or drill down into individual account details from your dashboard. INITIATE PAYMENTS Initiate real-time account transfers, repetitive wire transfers, ACH batches from templates, and review daily activity for all three payment types in the Manage Payments feature. SEARCH FOR TRANSACTIONS and IMAGES Conduct a search for individual transactions or a range of transactions; view transaction details including images (when available). VIEW REAL-TIME CREDIT INFORMATION and RECENT TRANSACTIONS View details of commitments, loans and letters of credit, including availability, balances, maturity dates/rates, and recent transaction history. MANAGE OPERATOR ACCESS Change and approve operator passwords, unlock operators, clear operator sessions and prompt re-enrollment of security questions. NOTIFICATIONS View Event Notifications, System Alerts and Informational Messages to keep informed of business activities. SECURITY Authentication credentials for the app are the same as what you use for the PINACLE desktop application. Additionally, the PINACLE Mobile App provides enhanced detection and security controls specific to device utilization in a mobile network environment. Conveniently access PINACLE with your fingerprint instead of your login credentials when using Touch ID authentication. Simply activate this feature using 'Preferences' within the app. Your PINACLE Company ID must be enabled for this feature, and a token passcode is still required, where applicable. To get started, download and launch the app. Then log in with your existing PINACLE Company User ID, Operator ID, password and token passcode (if required). Its that simple! Follow us on Twitter @PNC_PINACLE for the latest PINACLE news and updates. For PINACLE questions or support, call Treasury Management Client Care at 1-800-669-1518 or tmcc@pnc.com PNC does not charge a fee for this application. However, third party message and data rates may apply. A supported mobile device is needed to use the PINACLE Mobile App. Certain other restrictions may apply. See the PINACLE Service Agreement. iPhone is a trademark of Apple Inc., registered in the U.S. and other countries. PNC and PINACLE are registered marks of The PNC Financial Services Group, Inc. (PNC). Bank deposit, treasury management products and services are provided by PNC Bank, National Association, a wholly-owned subsidiary of PNC and Member FDIC. 2016 The PNC Financial Services Group, Inc. All rights reserved.|PNC Bank, N.A.|N/A|5.1.1|0|N/A|N/A|2014-05-17T23:00:00+00:00|[u'iPhone3GS-iPhone-3GS', u'iPadWifi-iPadWifi', u'iPad3G-iPad3G', u'iPodTouchThirdGen-iPodTouchThirdGen', u'iPhone4-iPhone4', u'iPodTouchFourthGen-iPodTouchFourthGen', u'iPad2Wifi-iPad2Wifi', u'iPad23G-iPad23G', u'iPhone4S-iPhone4S', u'iPadThirdGen-iPadThirdGen', u'iPadThirdGen4G-iPadThirdGen4G', u'iPhone5-iPhone5', u'iPodTouchFifthGen-iPodTouchFifthGen', u'iPadFourthGen-iPadFourthGen', u'iPadFourthGen4G-iPadFourthGen4G', u'iPadMini-iPadMini', u'iPadMini4G-iPadMini4G', u'iPhone5c-iPhone5c', u'iPhone5s-iPhone5s', u'iPadAir-iPadAir', u'iPadAirCellular-iPadAirCellular', u'iPadMiniRetina-iPadMiniRetina', u'iPadMiniRetinaCellular-iPadMiniRetinaCellular', u'iPhone6-iPhone6', u'iPhone6Plus-iPhone6Plus', u'iPadAir2-iPadAir2', u'iPadAir2Cellular-iPadAir2Cellular', u'iPadMini3-iPadMini3', u'iPadMini3Cellular-iPadMini3Cellular', u'iPodTouchSixthGen-iPodTouchSixthGen', u'iPhone6s-iPhone6s', u'iPhone6sPlus-iPhone6sPlus', u'iPadMini4-iPadMini4', u'iPadMini4Cellular-iPadMini4Cellular', u'iPadPro-iPadPro', u'iPadProCellular-iPadProCellular', u'iPadPro97-iPadPro97', u'iPadPro97Cellular-iPadPro97Cellular', u'iPhoneSE-iPhoneSE', u'iPhone7-iPhone7', u'iPhone7Plus-iPhone7Plus']|1.8.1|2016-12-30T14:43:51+00:00|- Minor Fixes and Improvements
Apple App Store|Total Insight|33128448|PNC Total Insight from PNC Total Insight Management was built to let you see where you stand at a glance, or quickly drill down into the details that matter most. All to help you achieve more with your money. With the PNC Total Insight mobile app you can keep track of your PNC Investment accounts on the go. Be sure to download the Virtual Wallet mobile app to keep track of your bank accounts. App Features: - Review your mobile Brief summary - Customize views with the My PNC Folio tool - View asset allocation - Keep track of your income and cash flow - Monitor your portfolio performance - Review recent transactions - Track your net worth - Quickly and easily contact PNC Total Insight Customer Care|PNC Bank, N.A.|N/A|8.0|0|N/A|N/A|2014-04-15T23:00:00+00:00|[u'iPad2Wifi-iPad2Wifi', u'iPad23G-iPad23G', u'iPhone4S-iPhone4S', u'iPadThirdGen-iPadThirdGen', u'iPadThirdGen4G-iPadThirdGen4G', u'iPhone5-iPhone5', u'iPodTouchFifthGen-iPodTouchFifthGen', u'iPadFourthGen-iPadFourthGen', u'iPadFourthGen4G-iPadFourthGen4G', u'iPadMini-iPadMini', u'iPadMini4G-iPadMini4G', u'iPhone5c-iPhone5c', u'iPhone5s-iPhone5s', u'iPadAir-iPadAir', u'iPadAirCellular-iPadAirCellular', u'iPadMiniRetina-iPadMiniRetina', u'iPadMiniRetinaCellular-iPadMiniRetinaCellular', u'iPhone6-iPhone6', u'iPhone6Plus-iPhone6Plus', u'iPadAir2-iPadAir2', u'iPadAir2Cellular-iPadAir2Cellular', u'iPadMini3-iPadMini3', u'iPadMini3Cellular-iPadMini3Cellular', u'iPodTouchSixthGen-iPodTouchSixthGen', u'iPhone6s-iPhone6s', u'iPhone6sPlus-iPhone6sPlus', u'iPadMini4-iPadMini4', u'iPadMini4Cellular-iPadMini4Cellular', u'iPadPro-iPadPro', u'iPadProCellular-iPadProCellular', u'iPadPro97-iPadPro97', u'iPadPro97Cellular-iPadPro97Cellular', u'iPhoneSE-iPhoneSE', u'iPhone7-iPhone7', u'iPhone7Plus-iPhone7Plus']|1.2.2|2015-10-27T14:02:31+00:00|Total Insight has been updated to include the following: -Minor Fixes and Improvements
Apple App Store|DepositNow Mobile for Business|4093952|Making a deposit is as easy as snapping a picture on your mobile device. Using the PNC DepositNow Mobile App on supported devices, you can deposit checks to your business accounts. This app may be especially useful for customers who receive a small number of checks for deposit. Upon deposit review and approval to use this solution, the daily deposit limits will be set to meet the individual needs of the business. All deposits made up to 10 P.M. ET will receive same day credit. For more information contact our Support group at : 877-287-2654, Option 4.|PNC Bank, N.A.|N/A|5.1.1|0|N/A|N/A|2013-10-30T00:00:00+00:00|[u'iPhone3GS-iPhone-3GS', u'iPadWifi-iPadWifi', u'iPad3G-iPad3G', u'iPodTouchThirdGen-iPodTouchThirdGen', u'iPhone4-iPhone4', u'iPodTouchFourthGen-iPodTouchFourthGen', u'iPad2Wifi-iPad2Wifi', u'iPad23G-iPad23G', u'iPhone4S-iPhone4S', u'iPadThirdGen-iPadThirdGen', u'iPadThirdGen4G-iPadThirdGen4G', u'iPhone5-iPhone5', u'iPodTouchFifthGen-iPodTouchFifthGen', u'iPadFourthGen-iPadFourthGen', u'iPadFourthGen4G-iPadFourthGen4G', u'iPadMini-iPadMini', u'iPadMini4G-iPadMini4G', u'iPhone5c-iPhone5c', u'iPhone5s-iPhone5s', u'iPadAir-iPadAir', u'iPadAirCellular-iPadAirCellular', u'iPadMiniRetina-iPadMiniRetina', u'iPadMiniRetinaCellular-iPadMiniRetinaCellular', u'iPhone6-iPhone6', u'iPhone6Plus-iPhone6Plus', u'iPadAir2-iPadAir2', u'iPadAir2Cellular-iPadAir2Cellular', u'iPadMini3-iPadMini3', u'iPadMini3Cellular-iPadMini3Cellular', u'iPodTouchSixthGen-iPodTouchSixthGen', u'iPhone6s-iPhone6s', u'iPhone6sPlus-iPhone6sPlus', u'iPadMini4-iPadMini4', u'iPadMini4Cellular-iPadMini4Cellular', u'iPadPro-iPadPro', u'iPadProCellular-iPadProCellular', u'iPadPro97-iPadPro97', u'iPadPro97Cellular-iPadPro97Cellular', u'iPhoneSE-iPhoneSE', u'iPhone7-iPhone7', u'iPhone7Plus-iPhone7Plus']|1.6|2016-06-15T12:42:23+00:00|- Improved for iPhone 6 compatibility - Updated design
Google Play Store|PNC Mobile|18874368|Now get 24/7 access to PNC Bank account information and services from your Android Device. PNC Mobile Banking is a free service offered to all PNC Online Banking customers. CHECK BALANCES - See current account balances for your checking, savings, and credit card accounts. MOBILE DEPOSIT- Use your camera equipped Android device with autofocus to deposit checks. VIEW TRANSACTIONS - View recent transaction history in your checking, savings, or credit card accounts and search for specific transactions by date, amount, or check number. PAY BILLS - Make one-time bill payments to billers you have entered in PNC Online Banking. TRANSFER FUNDS - Transfer funds between your eligible PNC banking accounts. LOCATE PNC - Locate the nearest PNC Bank Branch or ATM using zip code or street address. SECURITY - With PNC's Security Assurance, you can be confident that your personal and financial information will be protected while using PNC Mobile Banking. For installation support, call: 1-800-762-2035 For general support, call: 1-800-PNC-BANK (762-2265) PNC does not charge a fee for mobile banking. However, third party message and data rates may apply. A supported mobile device is needed to use the Mobile Banking App. Use of the Mobile Deposit feature requires a supported camera-equipped device. An eligible PNC Bank account and PNC Bank Online Banking are required. Certain other restrictions apply. See the PNC Online Banking Service Agreement.|PNC Bank, N.A.|1,000,000 - 5,000,000|2.2 and up||4.0349879264832|50503|2012-04-24T17:03:07+00:00|N/A|3.0.1.61|2016-07-11T23:00:00+00:00|- Minor Fixes and Improvements
Google Play Store|Virtual Wallet by PNC|20971520|Now get Virtual Wallet on-the-go with your Android device. Virtual Wallet by PNC is a free App for all PNC Virtual Wallet customers. FEATURES MAIN At-a-glance view of Money Bar, the upcoming week and your last five transactions. MOBILE DEPOSIT - Use your camera equipped Android device to deposit checks using automatic image capture. Now it's even easier to deposit checks using the PNC Virtual Wallet app. When using Mobile Deposit, position your check within the on-screen guides and allow the app to capture the check image automatically. TRANSFER FUNDS - Slide the Money Bar to transfer funds between your Spend and Reserve accounts. Use Transfer Funds to move funds between the Spend, Reserve, and Growth accounts. CALENDAR - View your scheduled payments and transfers, transaction history, paydays, reserve items, and Danger Days. PAY BILLS - Make one-time bill payments to billers you have already set up online using Virtual Wallet. ACTIVITIES - View recent transaction history in your Virtual Wallet accounts and search for specific transactions by date, amount, or check number. LOCATE PNC - Locate the nearest PNC Bank Branch or ATM using built-in Location Services or search by zip code and street address. RESERVE ITEMS View items and use Buy Now option to transfer from your Reserve account to your Spend account. SECURITY - With PNCs Security Assurance, you can be confident that your personal and financial information will be protected while using the Virtual Wallet App. Follow us on Twitter @PNCVWallet for the latest Virtual Wallet updates. For mobile banking support, call 1-800-762-2035 For general support, call 1-800-PNC-BANK (762-2265) PNC does not charge a fee for mobile banking. However, third party message and data rates may apply. A supported mobile device is needed to use the Mobile Banking App. Use of the Mobile Deposit feature requires a supported camera-equipped device. An eligible PNC Bank account and PNC Bank Online Banking are required. Certain other restrictions apply. See the PNC Online Banking Service Agreement. PNC may use certain technologies to collect additional information related to the status and condition of your mobile devices. This information may be used to support the security of your transaction with PNC, determine industry trends, and for other research purposes.|PNC Bank, N.A.|1,000,000 - 5,000,000|4.1 and up||3.5885629653931|10055|2011-11-27T13:52:51+00:00|N/A|3.5.1|2016-10-25T23:00:00+00:00|- Check Deposit Now Includes Automatic Image Capture Now its even easier to deposit checks using the PNC Mobile Banking app. When using Mobile Deposit, position your check within the on-screen guides and allow the app to capture the check image automatically. - Minor Fixes and Improvements
Google Play Store|PNC SmartAccess Card|9646899|**PLEASE NOTE, IF YOU ARE INSTALLING VER 1.0 OF THE NEW SmartAccess APP FOR THE FIRST TIME YOU WILL NEED TO CREATE A NEW USER ID AND PASSWORD.** With the PNC SmartAccessPrepaid Visa Card mobile app from PNC Bank, This application is free to download and makes it easy for you to bank on the go! Once youve created a secure passcode for logging on, youll have access to: *View balance *View transaction history *Suspend or reactivate cards *Manage alerts *Request balance information via text message Your security is our priority. Mobile data transmissions and card information are protected by 128-bit encryption, just like they are when you bank online. Experience the freedom of mobile banking in the palm of your hands! IMPORTANT: During the enrollment process, please do not close out of this application while awaiting the activation code. It will appear as an SMS/text message within 2 minutes and then must be entered into the application to complete your enrollment. PNC SmartAccess is a registered trademark of The PNC Financial Services Group, Inc. VISA is a registered trademark of Visa International Service Association and used under license. 2016 The PNC Financial Services Group, Inc. All rights reserved. PNC Bank, National Association. Member FDIC|PNC Bank, N.A.|10,000 - 50,000|4.1 and up||2.0246913433075|486|2016-06-12T23:00:00+00:00|N/A|1.0.0|2016-06-12T23:00:00+00:00|N/A
Google Play Store|Virtual Wallet tablet by PNC|9542041|Now get Virtual Wallet on your Android tablet. Virtual Wallet by PNC is a free App for all PNC Virtual Wallet customers. Our Android tablet app is optimized for the Android tablet experience, with larger graphics and more functionality. FEATURES QUICK VIEW At-a-glance view of Money Bar, the upcoming week, what you spent last week and your last five transactions CALENDAR - View your scheduled payments and transfers, transaction history, paydays, reserve items, and Danger Days in Month and Day View. ACCOUNT DETAIL View scheduled payments, reserve and wish list items. Slide the Money Bar to transfer funds between your Spend and Reserve accounts. Use Transfer Funds to move funds between your Spend, Reserve, and Growth accounts. ACCOUNT ACTIVITY - View transaction history in your Spend, Reserve and Growth accounts as well as a linked Credit Card. MOBILE DEPOSIT- Use your camera equipped Android device to deposit checks. PAY BILLS - Make one-time and recurring bill payments to billers you have already set up online using Virtual Wallet. SOCIAL INTEGRATION View the latest Facebook posts, Tweets and YouTube videos from the Virtual Wallet team LOCATE PNC - Locate the nearest PNC Bank Branch or ATM using built-in Location Services or search by zip code and street address. SECURITY - With PNCs Security Assurance, you can be confident that your personal and financial information will be protected while using the Virtual Wallet App. Follow us on Twitter @PNCVWallet for the latest Virtual Wallet updates. Tweet us @PNCVirtualWallet_Help for help with your Virtual Wallet service needs. For mobile banking support, call 1-800-762-2035 For general support, call 1-800-PNC-BANK (762-2265) PNC does not charge a fee for mobile banking. However, third party message and data rates may apply. A supported mobile device is needed to use the Mobile Banking App. Use of the Mobile Deposit feature requires a supported camera-equipped device. An eligible PNC Bank account and PNC Bank Online Banking are required. Certain other restrictions apply. See the PNC Online Banking Service Agreement.|PNC Bank, N.A.|10,000 - 50,000|2.0 and up||2.4513514041901|370|2012-08-24T04:21:19+00:00|N/A|1.6.1|2015-02-23T00:00:00+00:00|Minor Enhancements
Google Play Store|PNC Retirement Directions|342016|With the PNC Retirement Directions App, you get on-the-go access, so you can track your retirement plan account investing progress no matter where you are: Check your retirement plan account balance View personal performance See how much youre contributing each paycheck Look at your account activity Easy access to Vested Interest Participant Services Representatives contact info for answers to your questions Stay connected to your retirement plan account. Download the PNC Retirement Directions App today. Account data shown in the screen shots is for illustrative purposes only and is not a recommendation to buy or sell securities or engage in investment strategies. PNC Retirement Directions Mobile Application Terms & Conditions Last Updated: May 7, 2013 Please review this agreement in its entirety before downloading and installing this software. By downloading, installing, or using the PNC Retirement Directions Mobile Application (sometimes referred to as the app) or any portion thereof, you agree to the following terms and conditions 1.Use of the PNC Retirement Directions Mobile Application The PNC Retirement Directions Mobile Application will enable you to have a limited view of your account information as presented on the Retirement Directions website (the website). Your view and access to such information is subject to any applicable terms and conditions contained in the PNC Institutional Investments Agency Agreement governing your account By downloading and installing the app you are providing your permission to include certain features so that the app will function properly. For Android users, during the installation process you will be presented with a list of the permissions you must accept in order to continue the installation process. For Apple users, no affirmative acceptance of the permissions is necessary during the download and installation process Regardless of your mobile operating system (i.e., Android or iOS) the permissions that you agree to accept in order for the app to function as designed are: 1.1. Permission to utilize network communications in order to deliver information via the internet 1.2. Permission to check network communications status so the app can determine whether you are connected to the internet 2.Differences between the PNC Retirement Directions website and the app By using the mobile version of our PNC Retirement Directions website you acknowledge that the app may present a more limited view, containing less information or fewer features, than you would be able to access if you were to log into the website directly. Please also note that balances presented on the website (whether viewed on the website or via the app) are as the close of the previous market day 3.Updates From time to time PNC may check the version of your installed app and, if necessary, provide updates (updates) to the app software. Updates may include, but are not limited to, patches or bug fixes, enhanced functionality or completely new versions of the app. You agree to keep the app updated and further agree to be bound by any amendments to this agreement which accompany these updates including any update to the permissions that may arise in the future with these updates. We reserve the right to disable the app at any time without prior notification to you, if at our sole discretion, we deem it necessary to do so in order to prevent misuse of the app, to ensure your account security, or to address other unforeseen circumstances that require such action. Your continued use of this app signifies your agreement to any amendments to this agreement 4.Privacy Policy You acknowledge and agree that your use of this application is also subject to the PNC Privacy Policy located at the following URL: https://www.pnc.com/webapp/unsec/Solutions.do?siteArea=/pnccorp/PNC/Privacy+Policy Investments: Not FDIC Insured. No Bank Guarantee. May Lose Value. 2013 The PNC Financial Services Group, Inc. All rights reserved.|PNC Bank, N.A.|5,000 - 10,000|2.1 and up||2.2807016372681|57|2013-11-26T00:00:00+00:00|N/A|1.0|2013-11-26T00:00:00+00:00|N/A
Google Play Store|DepositNow Mobile for Business|1468006|Making a deposit is as easy as snapping a picture on your mobile device. Using the PNC DepositNow Mobile App on supported devices, you can deposit checks to your business accounts. This app may be especially useful for customers who receive a small number of checks for deposit. Upon deposit review and approval to use this solution, the daily deposit limits will be set to meet the individual needs of the business . All deposits made up to 10 P.M. ET will receive same day credit. For more information contact our support group at: 877-287-2654, Option 4|PNC Bank, N.A.|10,000 - 50,000|2.2 and up||3.1333334445953|45|2013-10-31T00:00:00+00:00|N/A|1.3.4|2013-10-31T00:00:00+00:00|N/A
Google Play Store|PNC Wealth Insight For Mobile|6815744|PNC Wealth Insight from PNC Wealth Management was built to let you see where you stand at a glance, or quickly drill down into the details that matter most. All to help you achieve more with your money. With the PNC Wealth Insight mobile app you can keep track of your PNC Wealth Management accounts on the go. App Features: - Review your mobile Brief summary - Customize views with the My PNC Folio tool - View asset allocation - Keep track of your income and cash flow - Monitor your portfolio performance - Review recent transactions - Track your net worth - Quickly and easily contact PNC Wealth Insight support By downloading and installing this app you agree to the following terms and conditions: PNC Wealth Insight Mobile Application Terms & Conditions Last Updated: September 28, 2012 Please review this agreement in its entirety before downloading and installing this software. By downloading, installing, or using the PNC Wealth Insight Application (the app) or any portion thereof, you agree to the following terms and conditions. 1. Use of the PNC Wealth Insight App: In order to utilize the app, you must first have access to PNC Online Banking. By downloading and using this app you acknowledge that you have previously read and accepted the Online Banking Service Agreement with the Electronic Consent Form as well as the Mobile Banking Terms & Conditions presented to you during your enrollment into Online Banking and amended from time to time located at the following URL: https://www.onlinebanking.pnc.com/UserGuide/obsaTerms.html By downloading and installing the app you are providing your permission to include certain features so that the app will function properly. For Android users, during the installation process you will be presented with a list of the permissions you must accept in order to continue the installation process. 2. Differences between the PNC Wealth Insight website (the website) and the app: By using the mobile version of our PNC Wealth Insight website you acknowledge that the app may present a more limited view, containing less information or fewer features, than you would be able to access if you were to log into the website directly. 2. Net Worth: If you utilize the Net Worth feature of the PNC Wealth Insight website you agree that your use of the mobile version of this functionality is governed by the non-PNC Account Access Agreement located at the following URL: https://www.onlinebanking.pnc.com/UserGuide/ExternalAccountsAgreement.html 3. Updates: From time to time PNC may check the version of your installed app and, if necessary, provide updates (updates) to the app software. Updates may include, but are not limited to, patches or bug fixes, enhanced functionality or completely new versions of the app. You agree to keep the app updated and further agree to be bound by any amendments to this agreement which accompany these updates including any update to the permissions that may arise in the future with these updates. We reserve the right to disable the app at any time without prior notification to you, if at our sole discretion, we deem it necessary to do so in order to prevent misuse of the app, to ensure your account security, or to address other unforeseen circumstances that require such action. Your continued use of this app signifies your agreement to any amendments to this agreement. 4. Privacy Policy: You acknowledge and agree that your use of this application is also subject to the PNC Privacy Policy located at the following URL: https://www.pnc.com/webapp/unsec/Solutions.do?siteArea=/pnccorp/PNC/Privacy+Policy|PNC Bank, N.A.|1,000 - 5,000|2.0 and up||2.4193549156189|31|2013-05-04T03:24:18+00:00|N/A|1.8.0|2014-11-25T00:00:00+00:00|- Minor Improvements
Google Play Store|PNC Total Insight|6815744|PNC Total Insight from PNC Total Insight Management was built to let you see where you stand at a glance, or quickly drill down into the details that matter most. All to help you achieve more with your money. With the PNC Total Insight mobile app you can keep track of your PNC Investment accounts on the go. Be sure to download the Virtual Wallet mobile app to keep track of your bank accounts. App Features: - Review your mobile Brief summary - Customize views with the My PNC Folio tool - View asset allocation - Keep track of your income and cash flow - Monitor your portfolio performance - Review recent transactions - Track your net worth - Quickly and easily contact PNC Total Insight Customer Care By downloading and installing this app you agree to the following terms and conditions: PNC Total Insight Mobile Application Terms & Conditions Last Updated: January 28, 2014 Please review this agreement in its entirety before downloading and installing this software. By downloading, installing, or using the PNC Total Insight Application (the app) or any portion thereof, you agree to the following terms and conditions. 1. Use of the PNC Total Insight App: In order to utilize the app, you must first have access to PNC Online Banking. By downloading and using this app you acknowledge that you have previously read and accepted the Online Banking Service Agreement with the Electronic Consent Form as well as the Mobile Banking Terms & Conditions presented to you during your enrollment into Online Banking and amended from time to time located at the following URL: https://www.onlinebanking.pnc.com/UserGuide/obsaTerms.html By downloading and installing the app you are providing your permission to include certain features so that the app will function properly. For Android users, during the installation process you will be presented with a list of the permissions you must accept in order to continue the installation process. 2. Differences between the PNC Total Insight website (the website) and the app: By using the mobile version of our PNC Total Insight website you acknowledge that the app may present a more limited view, containing less information or fewer features, than you would be able to access if you were to log into the website directly. 2. Net Worth: If you utilize the Net Worth feature of the PNC Total Insight website you agree that your use of the mobile version of this functionality is governed by the non-PNC Account Access Agreement located at the following URL: https://www.onlinebanking.pnc.com/UserGuide/ExternalAccountsAgreement.html 3. Updates: From time to time PNC may check the version of your installed app and, if necessary, provide updates (updates) to the app software. Updates may include, but are not limited to, patches or bug fixes, enhanced functionality or completely new versions of the app. You agree to keep the app updated and further agree to be bound by any amendments to this agreement which accompany these updates including any update to the permissions that may arise in the future with these updates. We reserve the right to disable the app at any time without prior notification to you, if at our sole discretion, we deem it necessary to do so in order to prevent misuse of the app, to ensure your account security, or to address other unforeseen circumstances that require such action. Your continued use of this app signifies your agreement to any amendments to this agreement. 4. Privacy Policy: You acknowledge and agree that your use of this application is also subject to the PNC Privacy Policy located at the following URL: https://www.pnc.com/webapp/unsec/Solutions.do?siteArea=/pnccorp/PNC/Privacy+Policy|PNC Bank, N.A.|5,000 - 10,000|2.0 and up||3.1923077106476|26|2014-11-25T00:00:00+00:00|N/A|1.2.0|2014-11-25T00:00:00+00:00|- Minor Improvements
Google Play Store|PNC Finder|4089446|"Have you ever been standing in the middle of the city or a strange neighborhood and wondered where your closest PNC Bank ATM or branch is? Well not anymore! PNC Finder is the new ""Augmented Reality"" app that lets you locate the nearest PNC location and see the best route to get there. Simply point your Android device in any direction and the PNC Finder will tell you if there are any PNC locations ahead. Or, by holding the device horizontally, you can see the concentration of PNC ATMs and/or branches around you. Interested in seeing details about a location? Touch one of the location icons to pull up its hours of operation, and then flip to map mode to decide how you want to get there. FEATURES: - Locate PNC Bank ATMs/branches near you - See location direction and distance in a heads-up display using your phone's camera - Get location details, such as hours of operation - Find out how many ATMs/branches are nearby - View locations on a map to see the best route The PNC Finder app contains ATM/branch locations in the following states: Alabama, Delaware, District of Columbia, Florida, Georgia, Illinois, Indiana, Kentucky, Maryland, Michigan, Missouri, New Jersey, New York, North Carolina, Ohio, Pennsylvania, South Carolina, Virginia, West Virginia, and Wisconsin. NOTE: This app uses the location services provided by the device to determine your location. PNC does not capture or store any location data. Location information is used only to provide the app with ""nearby"" PNC branches and/or ATMs. PNC does not charge a fee for mobile banking. However, third party message and data rates may apply."|PNC Bank, N.A.|5,000 - 10,000|4.1 and up||2.0909090042114|22|2016-02-18T00:00:00+00:00|N/A|1.0.0|2016-02-18T00:00:00+00:00|N/A
Google Play Store|PINACLE|12582912|PINACLE for Android Get 24/7 access to PINACLE, PNC Banks corporate online and mobile banking portal. The PINACLE Mobile App is a service offered exclusively to all PINACLE and PINACLE Express operators. There is no separate fee for the app. This app is designed for your Android device with an operating system of 4.2 or higher. FEATURES APPROVE and DECISION ITEMS Approve wire transfers or templates, ACH batches or templates, and operator passwords, and review Positive Pay exceptions and ACH Positive Pay suspects. VIEW BALANCES and TRANSACTION DETAILSView Current Day and Previous Day account balances and transactions, or drill down into individual account details from your dashboard. INITIATE PAYMENTS Initiate real-time account transfers, repetitive wire transfers, ACH batches from templates, and review daily activity for all three payment types in the Manage Payments feature. SEARCH FOR TRANSACTIONS and IMAGESConduct a search for individual transactions or a range of transactions; view transaction details including images (when available). VIEW REAL-TIME CREDIT INFORMATION and RECENT TRANSACTIONSView details of commitments, loans and letters of credit, including availability, balances, maturity dates/rates, and recent transaction history. MANAGE OPERATOR ACCESSChange and approve operator passwords, unlock operators, clear operator sessions and prompt re-enrollment of security questions. NOTIFICATIONSView Event Notifications, System Alerts and Informational Messages to keep informed of business activities. SECURITYAuthentication credentials for the app are the same as what you use for the PINACLE desktop application. Additionally, the PINACLE Mobile App provides enhanced detection and security controls specific to device utilization in a mobile network environment. To get started, download and launch the app. Then log in with your existing PINACLE Company User ID, Operator ID, password and token passcode (if required). Its that simple! Follow us on Twitter @PNC_PINACLE for the latest PINACLE news and updates. For PINACLE questions or support, call Treasury Management Client Care at 1-800-669-1518 or tmcc@pnc.com PNC does not charge a fee for this application. However, third party message and data rates may apply. A supported mobile device is needed to use the PINACLE Mobile App. Your employer has previously entered into a Treasury Management Services Comprehensive Agreement with PNC Bank, National Association (PNC Bank) regarding your and your employers use of the PINACLE service (the Comprehensive Agreement). The terms and conditions of the Comprehensive Agreement shall govern your access to and use of the mobile version of the PINACLE service (the App) via an Android mobile device. PNC and PINACLE are registered marks of The PNC Financial Services Group, Inc. (PNC). Bank deposit, treasury management products and services are provided by PNC Bank, National Association, a wholly-owned subsidiary of PNC and Member FDIC. 2015 The PNC Financial Services Group, Inc. All rights reserved. Android is a trademark of Google Inc.|PNC Bank, N.A.|1,000 - 5,000|4.0 and up||4.111111164093|18|2014-11-10T00:00:00+00:00|N/A|1.8.1|2017-02-06T00:00:00+00:00|Version 1.8.1 includes - Minor Fixes and Improvements
Google Play Store|PNC BeneFit Plus|1677721|Save time and gain the insight you need to manage your Health Savings Account (HSA), Flexible Spending Account, (FSA) Health Reimbursement Arrangement (HRA) or Qualified Transportation Account (QTA). Our secure app makes managing your tax-advantaged account(s) easy through quick access and intuitive navigation to all your important account information while you are on the go! This app is designed for your Android device version 2.2 and higher. Powerful features of the PNC BeneFit Plus app include: Easy, Convenient & Secure - Simply log in to the intuitive app to begin managing your account(s) quickly and easily - No sensitive account information is ever stored on your mobile device; secure encryption is used to protect all transmissions Connects You with the Details - Quickly check available balances 24/7, including investment balances for HSAs1 - Access account details - View charts summarizing your account(s) - Click to call or email PNC BeneFit Plus Customer Service with questions - View notifications and messages about your account Provides Additional Time-Saving Options - View claims requiring receipts - Submit medical FSA and HRA claims - Take a picture of a receipt and submit for a new or existing claim - View transaction details - Request HSA distributions - Make HSA contributions - Using Expense Tracker, enter medical expense information and supporting documentation to store for later use in paying claims online or for personal recordkeeping - Report your debit card as lost or stolen *This is not the PNC Mobile Banking app, which allows you to access your bank and brokerage accounts. For questions or support, call or email the PNC BeneFit Plus Customer Service Center at 844-356-9993 or pncbenefitplus@healthaccountservices.com No personal or sensitive data is stored on the PNC BeneFit Plus mobile app. PNC will deliver bug fixes and updates to the application from time to time. PNC does not charge a fee for this application. However, third party message and data rates may apply. A supported mobile device is needed to use the PNC BeneFit Plus Mobile App. 1Shares of mutual funds are not deposits or obligations or guaranteed endorsed by any bank, nor are they federally insured or otherwise supported by the Federal Deposit Insurance Corporate or other government agency. Investments in mutual funds may lose value, including possible loss of principal. Please read the prospectus carefully before you invest. Investments Not FDIC Insured. No Bank or Federal Government Guarantee. May lose value. PNC is a registered mark of The PNC Financial Services Group, Inc. (PNC). AndroidTM is a trademark of Google Inc. Banking and lending products and services, bank deposit products, and treasury management services, including, but not limited to, services for healthcare providers and payers, are provided by PNC Bank, National Association, a wholly-owned subsidiary of PNC and Member FDIC. We are committed to protecting the privacy of your information. Please view our Privacy Policy for Consumers. 2015 The PNC Financial Services Group, Inc. All rights reserved.|PNC Bank, N.A.|1,000 - 5,000|4.0 and up||4.1999998092651|5|2015-11-23T00:00:00+00:00|N/A|4.5|2016-05-31T23:00:00+00:00|- Minor Fixes and Improvements - New 'Forgot Username and Password' functionality
